{
  "dataset": "kdd",
  "total_records": 10,
  "analysis_time": 6.44,
  "threat_distribution": {
    "counts": {
      "Normal": 9,
      "Anomaly": 1,
      "Zero-Day": 0
    },
    "percentages": {
      "Normal": 90.0,
      "Anomaly": 10.0,
      "Zero-Day": 0.0
    }
  },
  "risk_assessment": "MEDIUM RISK - Multiple Anomalies Detected",
  "detailed_threats": [
    {
      "id": 7,
      "type": "Anomaly",
      "confidence": 20.0,
      "severity": "MEDIUM",
      "features": {
        "padding_6": 1.0,
        "feature_4": 0.9862378558415483,
        "padding_3": 0.9811990322624884,
        "padding_11": 0.97803613210644,
        "padding_14": 0.9758231771662187,
        "padding_16": 0.9719590779657834,
        "feature_17": 0.9704360088551786,
        "padding_8": 0.9687158071843226,
        "padding_0": 0.9658656393145643,
        "padding_10": 0.9650764480368849,
        "padding_19": 0.9629523726124297,
        "padding_18": 0.9598973108361921,
        "padding_20": 0.9577218802282056,
        "padding_17": 0.9555361255576443,
        "padding_7": 0.9541041099518532,
        "padding_1": 0.9505683549657402,
        "padding_15": 0.9504433505453649,
        "padding_4": 0.9502153629825758,
        "padding_2": 0.9464357651518909,
        "padding_5": 0.9367381794530092,
        "padding_9": 0.9327973418021599,
        "padding_13": 0.9325723604636286,
        "padding_12": 0.9149955348716116,
        "feature_5": 0.9131851285063529,
        "feature_11": 0.889027467921486,
        "feature_1": 0.8761932472956786,
        "feature_6": 0.8342308888004653,
        "feature_16": 0.7892033688564885,
        "feature_3": 0.7448457438335173,
        "feature_13": 0.7345822318642897,
        "feature_15": 0.672306232332119,
        "feature_7": 0.5767246295570534,
        "feature_8": 0.44453805747424163,
        "feature_14": 0.43745237307576823,
        "feature_0": 0.4200865226771077,
        "feature_12": 0.2042555913634881,
        "feature_10": 0.17776013485772407,
        "feature_2": 0.06319743519184062,
        "feature_9": 0.06158529340831067,
        "feature_19": 0.035803934001424675,
        "feature_18": 0.03046232960710005
      },
      "record": {
        "feature_0": 0.7129350379563762,
        "feature_1": 0.9405379622188854,
        "feature_2": 0.47056367102334273,
        "feature_3": 0.8845900455796223,
        "feature_4": 0.998888723433352,
        "feature_5": 0.9950597938510204,
        "feature_6": 0.06018725476720532,
        "feature_7": 0.20238995892538358,
        "feature_8": 0.7296950016982257,
        "feature_9": 0.5457400672711438,
        "feature_10": 0.403995172409113,
        "feature_11": 0.9521116803054838,
        "feature_12": 0.6059255232393755,
        "feature_13": 0.8838772429909915,
        "feature_14": 0.7415403970270693,
        "feature_15": 0.15300941319706196,
        "feature_16": 0.9044089175598866,
        "feature_17": 0.0032156318501069814,
        "feature_18": 0.5272500584809146,
        "feature_19": 0.4816283263936917,
        "label": 1.0
      }
    }
  ]
}