{
  "dataset": "unsw",
  "total_records": 10,
  "analysis_time": 5.88,
  "threat_distribution": {
    "counts": {
      "Normal": 8,
      "Anomaly": 1,
      "Zero-Day": 1
    },
    "percentages": {
      "Normal": 80.0,
      "Anomaly": 10.0,
      "Zero-Day": 10.0
    }
  },
  "risk_assessment": "CRITICAL RISK - Multiple Zero-Day Threats Detected",
  "detailed_threats": [
    {
      "id": 1,
      "type": "Zero-Day",
      "confidence": 80.0,
      "severity": "HIGH",
      "features": {
        "padding_20": 1.0,
        "padding_0": 0.9962845954942755,
        "padding_18": 0.9901971495733405,
        "padding_14": 0.9845656580271779,
        "padding_9": 0.9842824817069767,
        "padding_22": 0.9823296242724104,
        "feature_0": 0.9795303075007792,
        "padding_6": 0.9738992680524426,
        "padding_21": 0.9732655797432465,
        "padding_2": 0.9709910996138998,
        "padding_7": 0.9709891823089848,
        "padding_16": 0.967071090705445,
        "padding_8": 0.9667801286342206,
        "padding_13": 0.9658325511325219,
        "feature_14": 0.9641080203712923,
        "padding_10": 0.9629972253519209,
        "padding_4": 0.9615934309899827,
        "padding_12": 0.9585956238513103,
        "padding_15": 0.9579298828758871,
        "padding_3": 0.9568939995316035,
        "padding_23": 0.9528398028439434,
        "padding_5": 0.9524726091878745,
        "padding_1": 0.9460084447532697,
        "padding_17": 0.9456091043682799,
        "padding_19": 0.9448633871361792,
        "padding_11": 0.9388941358978025,
        "feature_13": 0.8566391193072479,
        "feature_4": 0.8503419902244562,
        "feature_8": 0.8343497260308754,
        "feature_2": 0.8115908911075255,
        "feature_17": 0.80439739338754,
        "feature_10": 0.7902548352986544,
        "feature_5": 0.6302367747212452,
        "feature_19": 0.5840605168409481,
        "feature_11": 0.5044831496272627,
        "feature_7": 0.46941199945261847,
        "feature_9": 0.46734173911506427,
        "feature_15": 0.4270216288680904,
        "feature_16": 0.22580879985142657,
        "feature_12": 0.17749917491443518,
        "feature_3": 0.1215445431991812,
        "feature_1": 0.11309522118539411,
        "feature_18": 0.0956589801350557,
        "feature_6": 0.010338913880420639
      },
      "record": {
        "feature_0": 0.992863297120754,
        "feature_1": 0.5387103385688604,
        "feature_2": 0.07154093323013722,
        "feature_3": 0.5564044480706567,
        "feature_4": 0.9586933231870102,
        "feature_5": 0.8192148404756565,
        "feature_6": 0.49826883762806073,
        "feature_7": 0.24795732832718065,
        "feature_8": 0.07146236247324977,
        "feature_9": 0.7407621939273701,
        "feature_10": 0.9269443193349748,
        "feature_11": 0.7621643882398952,
        "feature_12": 0.40955550027763954,
        "feature_13": 0.04889537750003381,
        "feature_14": 0.9917077631727764,
        "feature_15": 0.7201531334619441,
        "feature_16": 0.6086659571816229,
        "feature_17": 0.9171999405907629,
        "feature_18": 0.4646400541837996,
        "feature_19": 0.8068111966316526,
        "label": 1.0
      }
    },
    {
      "id": 2,
      "type": "Anomaly",
      "confidence": 20.0,
      "severity": "MEDIUM",
      "features": {
        "padding_20": 1.0,
        "padding_0": 0.9962845954942755,
        "padding_18": 0.9901971495733405,
        "padding_14": 0.9845656580271779,
        "padding_9": 0.9842824817069767,
        "padding_22": 0.9823296242724104,
        "padding_6": 0.9738992680524426,
        "padding_21": 0.9732655797432465,
        "padding_2": 0.9709910996138998,
        "padding_7": 0.9709891823089848,
        "padding_16": 0.967071090705445,
        "padding_8": 0.9667801286342206,
        "padding_13": 0.9658325511325219,
        "padding_10": 0.9629972253519209,
        "padding_4": 0.9615934309899827,
        "padding_12": 0.9585956238513103,
        "padding_15": 0.9579298828758871,
        "padding_3": 0.9568939995316035,
        "padding_23": 0.9528398028439434,
        "padding_5": 0.9524726091878745,
        "padding_1": 0.9460084447532697,
        "padding_17": 0.9456091043682799,
        "padding_19": 0.9448633871361792,
        "padding_11": 0.9388941358978025,
        "feature_9": 0.8565421788057835,
        "feature_3": 0.7927840509527081,
        "feature_1": 0.7798360349173326,
        "feature_17": 0.7760801827202032,
        "feature_19": 0.725252736246633,
        "feature_2": 0.713800105877335,
        "feature_7": 0.6565867685009709,
        "feature_6": 0.5955313801176128,
        "feature_18": 0.5619236216121672,
        "feature_12": 0.49957012360828457,
        "feature_0": 0.42099060300951974,
        "feature_13": 0.39988136847139466,
        "feature_15": 0.3928922684491368,
        "feature_16": 0.30423294332971906,
        "feature_14": 0.29627419981777847,
        "feature_10": 0.28357058043879624,
        "feature_5": 0.26050363850548375,
        "feature_8": 0.1758933288463342,
        "feature_11": 0.12553914452953396,
        "feature_4": 0.0008700227839356384
      },
      "record": {
        "feature_0": 0.7066363012001273,
        "feature_1": 0.09366712343599104,
        "feature_2": 0.12250877916949587,
        "feature_3": 0.8951981124239303,
        "feature_4": 0.5109417334496955,
        "feature_5": 0.3539106946657221,
        "feature_6": 0.8087646953846874,
        "feature_7": 0.8323873122704076,
        "feature_8": 0.41188368337369297,
        "feature_9": 0.04963298870602151,
        "feature_10": 0.36985579570266014,
        "feature_11": 0.43967009017926306,
        "feature_12": 0.7631556818145945,
        "feature_13": 0.7017655965697845,
        "feature_14": 0.6475896951830435,
        "feature_15": 0.702136186254751,
        "feature_16": 0.334834336033184,
        "feature_17": 0.11997706211251036,
        "feature_18": 0.22424853490407604,
        "feature_19": 0.12733728827056578,
        "label": 1.0
      }
    }
  ]
}