{
  "dataset": "kdd",
  "total_records": 10,
  "analysis_time": 8.08,
  "threat_distribution": {
    "counts": {
      "Normal": 9,
      "Anomaly": 1,
      "Zero-Day": 0
    },
    "percentages": {
      "Normal": 90.0,
      "Anomaly": 10.0,
      "Zero-Day": 0.0
    }
  },
  "risk_assessment": "MEDIUM RISK - Multiple Anomalies Detected",
  "detailed_threats": [
    {
      "id": 7,
      "type": "Anomaly",
      "confidence": 20.0,
      "severity": "MEDIUM",
      "features": {
        "padding_6": 1.0,
        "padding_3": 0.9811990322624884,
        "padding_11": 0.97803613210644,
        "padding_14": 0.9758231771662187,
        "padding_16": 0.9719590779657834,
        "padding_8": 0.9687158071843226,
        "padding_0": 0.9658656393145643,
        "padding_10": 0.9650764480368849,
        "padding_19": 0.9629523726124297,
        "padding_18": 0.9598973108361921,
        "padding_20": 0.9577218802282056,
        "padding_17": 0.9555361255576443,
        "padding_7": 0.9541041099518532,
        "padding_1": 0.9505683549657402,
        "padding_15": 0.9504433505453649,
        "padding_4": 0.9502153629825758,
        "padding_2": 0.9464357651518909,
        "padding_5": 0.9367381794530092,
        "padding_9": 0.9327973418021599,
        "padding_13": 0.9325723604636286,
        "padding_12": 0.9149955348716116,
        "feature_13": 0.8812246585652235,
        "feature_2": 0.8446731656366068,
        "feature_17": 0.8439885673687704,
        "feature_18": 0.8022335350592128,
        "feature_15": 0.7155214088310882,
        "feature_7": 0.632594476554893,
        "feature_0": 0.5735762806681877,
        "feature_12": 0.5672214399570643,
        "feature_19": 0.5196688574095498,
        "feature_4": 0.4954483460684619,
        "feature_3": 0.4665002112282135,
        "feature_14": 0.4364158354729943,
        "feature_11": 0.3286746128014411,
        "feature_8": 0.32056545953835663,
        "feature_16": 0.3024563140565542,
        "feature_10": 0.18940374561275336,
        "feature_5": 0.16568206844353772,
        "feature_1": 0.11145900831106215,
        "feature_9": 0.10172175365522575,
        "feature_6": 0.06511752917250047
      },
      "record": {
        "feature_0": 0.7931829813448036,
        "feature_1": 0.5438429657340837,
        "feature_2": 0.06842772320263713,
        "feature_3": 0.2537387391275895,
        "feature_4": 0.7464547229508482,
        "feature_5": 0.5982108014799571,
        "feature_6": 0.46055887325544775,
        "feature_7": 0.1731618446176506,
        "feature_8": 0.32331998868442835,
        "feature_9": 0.5668370464748097,
        "feature_10": 0.5994331936176189,
        "feature_11": 0.6569567553228574,
        "feature_12": 0.19828357766548477,
        "feature_13": 0.03970842499061622,
        "feature_14": 0.28611075337816005,
        "feature_15": 0.13000400474912854,
        "feature_16": 0.6496839935956651,
        "feature_17": 0.06944348014892132,
        "feature_18": 0.10111727293941808,
        "feature_19": 0.22678744546749252,
        "label": 1.0
      }
    }
  ]
}