{
  "dataset": "kdd",
  "total_records": 10,
  "analysis_time": 6.24,
  "threat_distribution": {
    "counts": {
      "Normal": 9,
      "Anomaly": 1,
      "Zero-Day": 0
    },
    "percentages": {
      "Normal": 90.0,
      "Anomaly": 10.0,
      "Zero-Day": 0.0
    }
  },
  "risk_assessment": "MEDIUM RISK - Multiple Anomalies Detected",
  "detailed_threats": [
    {
      "id": 0,
      "type": "Anomaly",
      "confidence": 40.0,
      "severity": "MEDIUM",
      "features": {
        "padding_6": 1.0,
        "padding_3": 0.9811990322624884,
        "padding_11": 0.97803613210644,
        "padding_14": 0.9758231771662187,
        "padding_16": 0.9719590779657834,
        "padding_8": 0.9687158071843226,
        "padding_0": 0.9658656393145643,
        "padding_10": 0.9650764480368849,
        "padding_19": 0.9629523726124297,
        "padding_18": 0.9598973108361921,
        "padding_20": 0.9577218802282056,
        "padding_17": 0.9555361255576443,
        "padding_7": 0.9541041099518532,
        "padding_1": 0.9505683549657402,
        "padding_15": 0.9504433505453649,
        "padding_4": 0.9502153629825758,
        "padding_2": 0.9464357651518909,
        "padding_5": 0.9367381794530092,
        "padding_9": 0.9327973418021599,
        "padding_13": 0.9325723604636286,
        "feature_11": 0.9161818507418287,
        "padding_12": 0.9149955348716116,
        "feature_9": 0.9034389598614099,
        "feature_14": 0.8639038746477145,
        "feature_1": 0.8576947114174311,
        "feature_13": 0.8292903384705564,
        "feature_6": 0.8018142215182922,
        "feature_7": 0.7594944568605446,
        "feature_15": 0.7457534322060386,
        "feature_8": 0.6702165860242503,
        "feature_5": 0.5603266239774263,
        "feature_12": 0.4557035509032731,
        "feature_0": 0.41552730552968037,
        "feature_18": 0.4011781705085239,
        "feature_4": 0.39203129444800877,
        "feature_19": 0.32183442767581527,
        "feature_2": 0.29456873370528835,
        "feature_16": 0.1935833337968135,
        "feature_17": 0.17993445842064934,
        "feature_10": 0.11976978777134374,
        "feature_3": 0.01309158941279477
      },
      "record": {
        "feature_0": 0.2760570855888812,
        "feature_1": 0.930942110155378,
        "feature_2": 0.35150339467508207,
        "feature_3": 0.503503154267478,
        "feature_4": 0.28998605045227344,
        "feature_5": 0.8077273942216496,
        "feature_6": 0.07706215803508842,
        "feature_7": 0.10677456544421626,
        "feature_8": 0.13760723489812698,
        "feature_9": 0.03849312827807794,
        "feature_10": 0.5623676660608148,
        "feature_11": 0.0012529202232084424,
        "feature_12": 0.7387885007176945,
        "feature_13": 0.9333569369336343,
        "feature_14": 0.9637920517897408,
        "feature_15": 0.11391012055627336,
        "feature_16": 0.390096061143515,
        "feature_17": 0.6057312691662564,
        "feature_18": 0.7169641913726242,
        "feature_19": 0.33098243442384756,
        "label": 1.0
      }
    }
  ]
}